date,anomaly_model_name,anomaly_score,anomaly_direction,anomaly_interpretation,anomaly_above_reference_quantile,top_contributing_feature,environmental_regime,regime_PC1,regime_PC2,climate_sar_change_robust_raw,climate_sar_change_robust_percentile,climate_sar_change_isolation_raw,climate_sar_change_isolation_percentile,climate_sar_change_pca_raw,climate_sar_change_pca_percentile
2015-07-01,climate_sar_change,,,unusual environmental state,,,,,,,,,,,
2015-08-01,climate_sar_change,,,unusual environmental state,,,,,,,,,,,
2015-09-01,climate_sar_change,,,unusual environmental state,,,,,,,,,,,
2015-10-01,climate_sar_change,,,unusual environmental state,,,,,,,,,,,
2015-11-01,climate_sar_change,,,unusual environmental state,,,,,,,,,,,
2015-12-01,climate_sar_change,,,unusual environmental state,,,,,,,,,,,
2016-01-01,climate_sar_change,,,unusual environmental state,,,,,,,,,,,
2016-02-01,climate_sar_change,,,unusual environmental state,,,,,,,,,,,
2016-03-01,climate_sar_change,,,unusual environmental state,,,,,,,,,,,
2016-04-01,climate_sar_change,,,unusual environmental state,,,,,,,,,,,
2016-05-01,climate_sar_change,,,unusual environmental state,,,,,,,,,,,
2016-06-01,climate_sar_change,,,unusual environmental state,,,,,,,,,,,
2016-07-01,climate_sar_change,,,unusual environmental state,,,,,,,,,,,
2016-08-01,climate_sar_change,,,unusual environmental state,,,,,,,,,,,
2016-09-01,climate_sar_change,,,unusual environmental state,,,,,,,,,,,
2016-10-01,climate_sar_change,,,unusual environmental state,,,,,,,,,,,
2016-11-01,climate_sar_change,,,unusual environmental state,,,,,,,,,,,
2016-12-01,climate_sar_change,,,unusual environmental state,,,,,,,,,,,
2017-01-01,climate_sar_change,,,unusual environmental state,,,,,,,,,,,
2017-02-01,climate_sar_change,,,unusual environmental state,,,,,,,,,,,
2017-03-01,climate_sar_change,0.8081761006289309,above_reference,unusual environmental state,False,precip_7d_adjusted,1,-0.9564351799253297,0.4537808685630063,1.6869549725714537,0.6698113207547169,-0.038237835131322284,0.7924528301886793,0.400988758307965,0.9622641509433962
2017-04-01,climate_sar_change,0.2672955974842767,below_reference,unusual environmental state,False,VH_change_adjusted,1,0.7258961180296418,0.4910103417808452,0.6261827889358421,0.08490566037735849,-0.12434567159276794,0.12264150943396226,0.08835894008468977,0.5943396226415094
2017-05-01,climate_sar_change,0.3679245283018868,below_reference,unusual environmental state,False,PDD_adjusted,1,-2.1783142080945797,0.9890253145315326,1.3661534804714708,0.5094339622641509,-0.07934141602451811,0.46226415094339623,0.012576587269702724,0.1320754716981132
2017-06-01,climate_sar_change,0.669811320754717,below_reference,unusual environmental state,False,precip_7d_adjusted,1,-1.9111132427155904,-3.2504728556573403,1.4685263319815107,0.5471698113207547,-0.03358007174604127,0.8113207547169812,0.11812066985618119,0.6509433962264151
2017-07-01,climate_sar_change,0.38364779874213834,below_reference,unusual environmental state,False,PDD_adjusted,1,-2.373668556551908,-0.04712767376256227,1.0842333863399038,0.3867924528301887,-0.11098706065599401,0.25471698113207547,0.06964709934323528,0.5094339622641509
2017-08-01,climate_sar_change,0.8081761006289309,above_reference,unusual environmental state,False,precip_7d_adjusted,1,-3.059283619595163,4.105440284382007,2.454533526296154,0.8490566037735849,-0.04801460758003445,0.6981132075471698,0.28977999177626285,0.8773584905660378
2017-09-01,climate_sar_change,0.4150943396226415,below_reference,unusual environmental state,False,precip_7d_adjusted,1,-0.34834886079060784,-2.2333070155924544,1.0083849712678585,0.330188679245283,-0.08264259703499427,0.4339622641509434,0.06671378349157557,0.4811320754716981
2017-10-01,climate_sar_change,0.8364779874213837,above_reference,unusual environmental state,False,PDD_adjusted,0,6.344648664049778,-2.1545442563083497,2.9265363998461242,0.9056603773584906,0.002819275117147191,0.8867924528301887,0.1483032120815935,0.7169811320754716
2017-11-01,climate_sar_change,0.43396226415094336,above_reference,unusual environmental state,False,VH_change_adjusted,1,-0.6365425133946305,-1.5674864211295847,0.8178523224277179,0.22641509433962265,-0.10715590523640584,0.3018867924528302,0.1757777111332602,0.7735849056603774
2017-12-01,climate_sar_change,0.5974842767295597,above_reference,unusual environmental state,False,temp_anomaly,1,0.4998343003653787,-0.8112131031161877,1.312188148405602,0.4811320754716981,-0.07701893992478692,0.4716981132075472,0.2064952592170525,0.839622641509434
2018-01-01,climate_sar_change,0.7421383647798742,above_reference,unusual environmental state,False,temp_anomaly,1,1.1536829792656331,-1.0474536267053722,1.6654627808224822,0.6509433962264151,-0.04124715840802057,0.7735849056603774,0.19336196133936345,0.8018867924528302
2018-02-01,climate_sar_change,0.41823899371069184,below_reference,unusual environmental state,False,antecedent_precipitation_index_adjusted,1,0.018920967269300593,-1.2514242728569764,0.7103346099886221,0.16981132075471697,-0.1100519288362744,0.2641509433962264,0.1945936154671384,0.8207547169811321
2018-03-01,climate_sar_change,0.3522012578616352,below_reference,unusual environmental state,False,antecedent_precipitation_index_adjusted,1,-0.4362416708065028,-1.3792670965191351,0.6775364043951495,0.1320754716981132,-0.11989260355788472,0.18867924528301888,0.15517764990530672,0.7358490566037735
2018-04-01,climate_sar_change,0.27044025157232704,above_reference,unusual environmental state,False,precip_7d_adjusted,1,-0.7441836702410471,0.5255934977926815,0.555987834686335,0.05660377358490566,-0.127667758530777,0.09433962264150944,0.11830603273038554,0.660377358490566
2018-05-01,climate_sar_change,0.2672955974842767,below_reference,unusual environmental state,False,antecedent_precipitation_index_adjusted,1,-0.896637510832862,-0.24171186343895634,0.6971385549441903,0.16037735849056603,-0.12046656668351274,0.1792452830188679,0.06305299703923037,0.46226415094339623
2018-06-01,climate_sar_change,0.3616352201257862,below_reference,unusual environmental state,False,PDD_adjusted,1,-1.7303603757246122,0.42165096845431466,0.8397776097741786,0.24528301886792453,-0.11936074908801791,0.19811320754716982,0.11154690883644224,0.6415094339622641
2018-07-01,climate_sar_change,0.2578616352201258,above_reference,unusual environmental state,False,precip_7d_adjusted,1,0.6224691266997698,1.1688724051053943,0.7820404586727451,0.20754716981132076,-0.12265363105358157,0.14150943396226415,0.05673970284474387,0.42452830188679247
2018-08-01,climate_sar_change,0.4842767295597484,above_reference,unusual environmental state,False,antecedent_precipitation_index_adjusted,1,-0.692834196926644,-0.8263640910543248,0.6656888738383545,0.12264150943396226,-0.09589972717579615,0.39622641509433965,0.3412682934772264,0.9339622641509434
2018-09-01,climate_sar_change,0.41823899371069184,below_reference,unusual environmental state,False,PDD_adjusted,1,-4.168464240714845,0.17608534593645148,1.6691619090506022,0.660377358490566,-0.10493158548030723,0.33962264150943394,0.029724134127073042,0.25471698113207547
2018-10-01,climate_sar_change,0.9245283018867925,below_reference,unusual environmental state,True,PDD_adjusted,1,-9.772007999554694,-4.293767282337945,4.262620965061606,0.9905660377358491,0.10886713616103993,0.9905660377358491,0.19296337470233568,0.7924528301886793
2018-11-01,climate_sar_change,0.1886792452830189,below_reference,unusual environmental state,False,VH_change_adjusted,1,-0.16855318520344026,0.4596123082314461,0.6429947483652979,0.10377358490566038,-0.12885125546582,0.08490566037735849,0.04201736795018418,0.37735849056603776
2018-12-01,climate_sar_change,0.19496855345911948,below_reference,unusual environmental state,False,temp_anomaly,1,-0.6874225719732047,0.2924808944549609,0.8885025980772029,0.2641509433962264,-0.10885640667281515,0.2830188679245283,0.004773334920726824,0.03773584905660377
2019-01-01,climate_sar_change,0.49685534591194974,below_reference,unusual environmental state,False,temp_anomaly,1,-0.8337717594173185,2.130761242642976,1.5831705077643214,0.6037735849056604,-0.05294270518606442,0.6698113207547169,0.021643030562681104,0.2169811320754717
2019-02-01,climate_sar_change,0.569182389937107,above_reference,unusual environmental state,False,precip_7d_adjusted,1,-0.34302104631394414,3.1434819474328224,1.4921879192867535,0.5754716981132075,-0.054006961622946936,0.660377358490566,0.06511751516607046,0.4716981132075472
2019-03-01,climate_sar_change,0.5125786163522013,above_reference,unusual environmental state,False,VV_change_adjusted,1,-0.8107872974782016,0.13166391049766296,1.218642213109399,0.44339622641509435,-0.07701270554710987,0.4811320754716981,0.10619987028683209,0.6132075471698113
2019-04-01,climate_sar_change,0.7924528301886792,below_reference,unusual environmental state,False,VH_change_adjusted,1,0.8974492882544308,3.132574514382022,2.6224583058130126,0.8679245283018868,0.061757676142650486,0.9339622641509434,0.08574980979164959,0.5754716981132075
2019-05-01,climate_sar_change,0.6823899371069183,below_reference,unusual environmental state,False,PDD_adjusted,1,-6.761788994719468,-3.572976746033411,3.051240439340725,0.9150943396226415,0.04608465804164397,0.9245283018867925,0.020780209782900655,0.20754716981132076
2019-06-01,climate_sar_change,0.6823899371069183,below_reference,unusual environmental state,False,PDD_adjusted,1,-3.8067241934349427,-4.326054847662993,2.2630907665312923,0.8113207547169812,0.03322067807004814,0.9150943396226415,0.03407264263695419,0.32075471698113206
2019-07-01,climate_sar_change,0.8238993710691824,above_reference,unusual environmental state,False,precip_7d_adjusted,1,-4.224948938686271,3.5555060933918763,2.431093545139018,0.839622641509434,-0.045081602139753096,0.7264150943396226,0.3365636703078741,0.9056603773584906
2019-08-01,climate_sar_change,0.3930817610062893,below_reference,unusual environmental state,False,precip_7d_adjusted,1,0.2048149889726716,-1.792502494191168,0.8023993167364989,0.2169811320754717,-0.10123889588069784,0.37735849056603776,0.08668757818156869,0.5849056603773585
2019-09-01,climate_sar_change,0.39308176100628933,below_reference,unusual environmental state,False,PDD_adjusted,1,-3.61250233224601,0.8502306672507864,1.5177420686264143,0.5849056603773585,-0.11319500412310135,0.24528301886792453,0.03724457011314931,0.3490566037735849
2019-10-01,climate_sar_change,0.47798742138364786,below_reference,unusual environmental state,False,PDD_adjusted,1,-5.2964160928598005,-0.6385109718435175,2.1655001277806103,0.7924528301886793,-0.07448999490192776,0.5,0.014196529173803298,0.14150943396226415
2019-11-01,climate_sar_change,0.22641509433962267,above_reference,unusual environmental state,False,temp_anomaly,1,0.48768422406237066,-0.665028189820637,0.8350897028996072,0.2358490566037736,-0.11847968832032973,0.20754716981132076,0.028249183205701578,0.2358490566037736
2019-12-01,climate_sar_change,0.5283018867924528,below_reference,unusual environmental state,False,temp_anomaly,1,-1.0372885943818118,1.428563905707588,1.4224345533507599,0.5188679245283019,-0.0714050920889534,0.5377358490566038,0.07035443604490645,0.5283018867924528
2020-01-01,climate_sar_change,0.4842767295597484,above_reference,unusual environmental state,False,precip_7d_adjusted,1,-0.8549615287506591,3.0049648187616977,1.7536142021927292,0.6886792452830188,-0.06385794707142284,0.6037735849056604,0.014737720115964963,0.16037735849056603
2020-02-01,climate_sar_change,0.11635220125786162,below_reference,unusual environmental state,False,temp_anomaly,1,-0.2031731473987641,-0.512452739850522,0.3611901981778897,0.018867924528301886,-0.14038840420637294,0.02830188679245283,0.032311529340242395,0.3018867924528302
2020-03-01,climate_sar_change,0.41194968553459116,above_reference,unusual environmental state,False,VH_change_adjusted,1,-0.8967493523176591,-2.1472657263190196,1.426962277045615,0.5283018867924528,-0.06302935547034277,0.6132075471698113,0.010896519158045606,0.09433962264150944
2020-04-01,climate_sar_change,0.7421383647798742,below_reference,unusual environmental state,False,VV_change_adjusted,1,-0.30987035242949906,3.8301521138221903,2.547720043017814,0.8584905660377359,0.07811496315384558,0.9528301886792453,0.05614707178840378,0.41509433962264153
2020-05-01,climate_sar_change,0.5471698113207547,below_reference,unusual environmental state,False,PDD_adjusted,1,-4.508080412962663,-0.572860626113431,1.8631056839699092,0.7075471698113207,-0.06761143959846727,0.5660377358490566,0.04124159239712102,0.36792452830188677
2020-06-01,climate_sar_change,0.6320754716981132,below_reference,unusual environmental state,False,PDD_adjusted,1,-5.189428695628153,1.477313174853311,2.1910964449781076,0.8018867924528302,-0.06651133744192561,0.5754716981132075,0.06971545972778974,0.5188679245283019
2020-07-01,climate_sar_change,0.6949685534591196,below_reference,unusual environmental state,False,PDD_adjusted,1,-3.799158205144295,0.2250697518570665,1.6212227076849093,0.6132075471698113,-0.07198836569834227,0.5188679245283019,0.39258698891680494,0.9528301886792453
2020-08-01,climate_sar_change,0.6572327044025157,above_reference,unusual environmental state,False,PDD_adjusted,0,3.9203433859134416,0.8792550875612439,1.8830161588212153,0.7169811320754716,-0.07386415466109697,0.5094339622641509,0.1635291284650587,0.7452830188679245
2020-09-01,climate_sar_change,0.6823899371069183,above_reference,unusual environmental state,False,PDD_adjusted,0,3.420866571035509,0.05754131971702703,1.8842190651900836,0.7264150943396226,-0.054219820055464774,0.6509433962264151,0.1240516709664195,0.6698113207547169
2020-10-01,climate_sar_change,0.9150943396226415,above_reference,unusual environmental state,True,PDD_adjusted,0,10.913532065028894,-2.26095393836058,4.64784878718843,1.0,0.08140703966963947,0.9622641509433962,0.17778229871631981,0.7830188679245284
2020-11-01,climate_sar_change,0.22012578616352205,above_reference,unusual environmental state,False,VH_change_adjusted,1,-0.42497332858150455,-1.226971503480624,0.6490050147766737,0.11320754716981132,-0.12544521702084,0.11320754716981132,0.05771509673706718,0.4339622641509434
2020-12-01,climate_sar_change,0.06918238993710692,above_reference,unusual environmental state,False,temp_anomaly,1,-0.07525307853206616,-0.45189461619520543,0.33688168730961054,0.009433962264150943,-0.14182589182181898,0.009433962264150943,0.01782331112885901,0.18867924528301888
2021-01-01,climate_sar_change,0.5157232704402516,above_reference,unusual environmental state,False,temp_anomaly,1,0.8530194785147537,-1.2062165495468202,1.7476464723705798,0.6792452830188679,-0.043748779831717155,0.7547169811320755,0.01164348359371087,0.11320754716981132
2021-02-01,climate_sar_change,0.02515723270440252,above_reference,unusual environmental state,False,temp_anomaly,1,0.11305277219911761,-0.6819796443291104,0.42509080529410104,0.02830188679245283,-0.1405318116954783,0.018867924528301886,0.001680580154585146,0.02830188679245283
2021-03-01,climate_sar_change,0.21069182389937105,above_reference,unusual environmental state,False,temp_anomaly,1,-0.08034640340888234,-0.9628897022745933,0.7577708263870173,0.19811320754716982,-0.1159455928939424,0.2358490566037736,0.01787552278645126,0.19811320754716982
2021-04-01,climate_sar_change,0.3584905660377358,below_reference,unusual environmental state,False,temp_anomaly,1,-1.201421787992542,0.24199525879644396,0.8681474193915166,0.25471698113207547,-0.105787184623935,0.32075471698113206,0.06878693771254946,0.5
2021-05-01,climate_sar_change,0.6320754716981132,above_reference,unusual environmental state,False,precip_7d_adjusted,1,1.50905129743242,2.020396576948609,1.9871885856560798,0.7735849056603774,-0.045792092111826166,0.7169811320754716,0.055812453609118066,0.4056603773584906
2021-06-01,climate_sar_change,0.5534591194968553,below_reference,unusual environmental state,False,VH_change_adjusted,1,0.12649335630263306,1.8794746642851696,1.2351501041652422,0.4716981132075472,-0.0619042672735885,0.6226415094339622,0.08366267648914182,0.5660377358490566
2021-07-01,climate_sar_change,0.5786163522012578,above_reference,unusual environmental state,False,precip_7d_adjusted,1,-1.261654371052867,1.915914573405487,1.192088512266979,0.4339622641509434,-0.08058104732437626,0.44339622641509435,0.2395634947372234,0.8584905660377359
2021-08-01,climate_sar_change,0.6383647798742138,above_reference,unusual environmental state,False,antecedent_precipitation_index_adjusted,1,-0.8571058657139371,-0.17425522855175435,0.985065110609725,0.32075471698113206,-0.06564307493102806,0.5943396226415094,0.6628126017120956,1.0
2021-09-01,climate_sar_change,0.7201257861635221,below_reference,unusual environmental state,False,PDD_adjusted,1,-1.9763305091988417,1.3120618481668136,1.3192774231226667,0.49056603773584906,-0.05279347690181818,0.6792452830188679,0.6442377461535457,0.9905660377358491
2021-10-01,climate_sar_change,0.940251572327044,above_reference,unusual environmental state,True,PDD_adjusted,0,9.323057742497571,2.6329903968225596,4.154537967497235,0.9811320754716981,0.08291017802057465,0.9716981132075472,0.2437780372443981,0.8679245283018868
2021-11-01,climate_sar_change,0.7955974842767296,above_reference,unusual environmental state,False,VH_change_adjusted,1,-0.4816673250818202,-1.7154373937971372,1.4828412823852144,0.5566037735849056,-0.019950400628326648,0.8490566037735849,0.6037505009848644,0.9811320754716981
2021-12-01,climate_sar_change,0.8176100628930817,below_reference,unusual environmental state,False,temp_anomaly,1,-0.46712746317106935,2.8205164787078485,1.659507888607421,0.6415094339622641,-0.019104854938091997,0.8679245283018868,0.36553927201822906,0.9433962264150944
2022-01-01,climate_sar_change,0.7641509433962265,below_reference,unusual environmental state,False,temp_anomaly,1,-0.8788919871914259,1.001770916807888,1.4889854789095625,0.5660377358490566,-0.035924212272796074,0.8018867924528302,0.34086036089874194,0.9245283018867925
2022-02-01,climate_sar_change,0.7578616352201258,below_reference,unusual environmental state,False,temp_anomaly,1,-0.844229410752289,1.4294601046076159,1.5751609809361564,0.5943396226415094,-0.029207458371870443,0.8301886792452831,0.23707215193290912,0.8490566037735849
2022-03-01,climate_sar_change,0.9308176100628932,below_reference,unusual environmental state,True,VV_change_adjusted,1,1.9994716126299812,1.9992534721506705,2.897882407158108,0.8962264150943396,0.12171912873157298,1.0,0.3250417601341033,0.8962264150943396
2022-04-01,climate_sar_change,0.7012578616352201,above_reference,unusual environmental state,False,PDD_adjusted,0,2.839952028457283,-2.174848036472044,1.8904461630954208,0.7452830188679245,-0.0292677339728587,0.8207547169811321,0.07565196081720585,0.5377358490566038
2022-05-01,climate_sar_change,0.6886792452830189,above_reference,unusual environmental state,False,PDD_adjusted,0,4.115713972249778,-0.49172159676147265,2.3065077659207165,0.8207547169811321,-0.019640067377727277,0.8584905660377359,0.04693465403387284,0.3867924528301887
2022-06-01,climate_sar_change,0.6761006289308176,above_reference,unusual environmental state,False,PDD_adjusted,0,3.2329424756929868,2.6117362475061547,1.8846274636706857,0.7358490566037735,-0.0437957504152654,0.7358490566037735,0.08237686203095114,0.5566037735849056
2022-07-01,climate_sar_change,0.619496855345912,above_reference,unusual environmental state,False,PDD_adjusted,1,1.499661843032271,-1.6657668655664495,1.1168675223735385,0.41509433962264153,-0.0715503581973525,0.5283018867924528,0.3386008277347074,0.9150943396226415
2022-08-01,climate_sar_change,0.45911949685534587,above_reference,unusual environmental state,False,PDD_adjusted,1,1.804984023392096,-1.5996216194818806,1.0456841314347753,0.33962264150943394,-0.10388535608763666,0.3490566037735849,0.13360750669994617,0.6886792452830188
2022-09-01,climate_sar_change,0.16352201257861634,below_reference,unusual environmental state,False,PDD_adjusted,1,-1.8034052835348593,-0.8069913180129704,0.7149423922096058,0.1792452830188679,-0.13108401883172677,0.0660377358490566,0.028883355048436716,0.24528301886792453
2022-10-01,climate_sar_change,0.23584905660377362,below_reference,unusual environmental state,False,PDD_adjusted,1,-2.430320177338424,0.9250423280143194,1.0812085317663838,0.37735849056603776,-0.11669283180346862,0.22641509433962265,0.010984684830891584,0.10377358490566038
2022-11-01,climate_sar_change,0.1037735849056604,above_reference,unusual environmental state,False,temp_anomaly,1,-0.2419007350011896,-1.190348174759614,0.501394367282787,0.04716981132075472,-0.13397040869480054,0.03773584905660377,0.024488592404180467,0.22641509433962265
2022-12-01,climate_sar_change,0.15723270440251572,above_reference,unusual environmental state,False,temp_anomaly,1,0.22026802195877757,-0.8335203984199968,0.894326588947877,0.27358490566037735,-0.12144625291951772,0.1509433962264151,0.004785970719378705,0.04716981132075472
2023-01-01,climate_sar_change,0.24842767295597482,above_reference,unusual environmental state,False,temp_anomaly,1,0.24791502684787023,-1.9317297396136721,1.061073938056026,0.3584905660377358,-0.10160735407194094,0.36792452830188677,0.001312560088973077,0.018867924528301886
2023-02-01,climate_sar_change,0.4150943396226415,above_reference,unusual environmental state,False,temp_anomaly,1,0.7551778594799995,-0.38224042793190527,1.4615993913068854,0.5377358490566038,-0.06781506457384445,0.5566037735849056,0.01454643257721896,0.1509433962264151
2023-03-01,climate_sar_change,0.1320754716981132,above_reference,unusual environmental state,False,VV_change_adjusted,1,-0.5203127278366703,-0.6900702208367286,0.5697558371145038,0.0660377358490566,-0.1328160769254612,0.05660377358490566,0.0319485420875134,0.27358490566037735
2023-04-01,climate_sar_change,0.3333333333333333,below_reference,unusual environmental state,False,temp_anomaly,1,-1.2248593715287333,-0.9491978491560886,0.8975661394755526,0.29245283018867924,-0.10692602189605338,0.3113207547169811,0.04873994331948401,0.39622641509433965
2023-05-01,climate_sar_change,0.7264150943396226,below_reference,unusual environmental state,False,PDD_adjusted,1,-9.28465978447697,1.4874091659296538,4.000689971610008,0.9716981132075472,0.0696898088657405,0.9433962264150944,0.029943813623027254,0.2641509433962264
2023-06-01,climate_sar_change,0.5974842767295597,below_reference,unusual environmental state,False,PDD_adjusted,1,-4.025663465973568,-0.6929819220399864,1.6311420403187753,0.6320754716981132,-0.0878035713393423,0.4056603773584906,0.16624355848964353,0.7547169811320755
2023-07-01,climate_sar_change,0.4654088050314466,above_reference,unusual environmental state,False,PDD_adjusted,1,1.866212344580426,-1.162092894685475,1.2233826962343757,0.4528301886792453,-0.07530737508192542,0.49056603773584906,0.06177235941232186,0.4528301886792453
2023-08-01,climate_sar_change,0.4905660377358491,above_reference,unusual environmental state,False,PDD_adjusted,0,2.1537363229031334,-0.48609117493145776,1.0669348862833083,0.36792452830188677,-0.1086477901946929,0.29245283018867924,0.1936317123860873,0.8113207547169812
2023-09-01,climate_sar_change,0.7169811320754716,above_reference,unusual environmental state,False,PDD_adjusted,0,3.748127394116995,-2.575365658031998,1.9099214511863596,0.7547169811320755,-0.04957160771718705,0.6886792452830188,0.13508431908222832,0.7075471698113207
2023-10-01,climate_sar_change,0.45283018867924535,below_reference,unusual environmental state,False,PDD_adjusted,1,-2.476070798249742,-1.4181039954459191,1.0970315665195292,0.39622641509433965,-0.10301938386893772,0.3584905660377358,0.1056923633162543,0.6037735849056604
2023-11-01,climate_sar_change,0.31446540880503143,below_reference,unusual environmental state,False,antecedent_precipitation_index_adjusted,1,-0.1897789085331589,-0.06989945311833734,0.680491024429132,0.14150943396226415,-0.12064703217353545,0.16981132075471697,0.10959985313702648,0.6320754716981132
2023-12-01,climate_sar_change,0.3553459119496855,below_reference,unusual environmental state,False,VH_change_adjusted,1,-0.271496669378704,0.548943613310098,0.6840783782305581,0.1509433962264151,-0.11789326639849124,0.2169811320754717,0.1344540583509888,0.6981132075471698
2024-01-01,climate_sar_change,0.2421383647798742,below_reference,unusual environmental state,False,temp_anomaly,1,-0.4214189829286257,-1.054507247553558,0.6030147334222572,0.07547169811320754,-0.1212888017102654,0.16037735849056603,0.06823712039890145,0.49056603773584906
2024-02-01,climate_sar_change,0.45911949685534587,above_reference,unusual environmental state,False,VH_change_adjusted,1,-0.6372443508635369,-1.4622844207534387,0.9706009303085052,0.3113207547169811,-0.09877024356552466,0.3867924528301887,0.1282506421058213,0.6792452830188679
2024-03-01,climate_sar_change,0.3867924528301887,below_reference,unusual environmental state,False,VV_change_adjusted,1,-0.09228686850778864,0.6253505503876515,0.8954605089026333,0.2830188679245283,-0.1056226829087355,0.330188679245283,0.08161598749543011,0.5471698113207547
2024-04-01,climate_sar_change,0.619496855345912,above_reference,unusual environmental state,False,VV_change_adjusted,1,-1.0399085652029436,-2.5129384541225,1.2271745336937725,0.46226415094339623,-0.06087535800000499,0.6320754716981132,0.17176895856535956,0.7641509433962265
2024-05-01,climate_sar_change,0.9025157232704403,above_reference,unusual environmental state,True,PDD_adjusted,0,7.733481437613777,-0.04926503532084525,3.36160931427524,0.9433962264150944,-0.0005939963678627813,0.8773584905660378,0.3129889796019178,0.8867924528301887
2024-06-01,climate_sar_change,0.8742138364779874,above_reference,unusual environmental state,False,PDD_adjusted,0,5.575548288710767,1.5653939471799916,2.698457496059762,0.8867924528301887,-0.042613223537026845,0.7641509433962265,0.538829161481371,0.9716981132075472
2024-07-01,climate_sar_change,0.5817610062893083,above_reference,unusual environmental state,False,PDD_adjusted,0,7.598456640586617,-1.112904998896861,3.365237231913423,0.9528301886792453,-0.03898393876226225,0.7830188679245284,0.0005802817567801218,0.009433962264150943
2024-08-01,climate_sar_change,0.10691823899371071,above_reference,unusual environmental state,False,PDD_adjusted,1,1.119546983232137,0.36000593542445053,0.6415153024159127,0.09433962264150944,-0.13345705108256123,0.04716981132075472,0.017163074178412518,0.1792452830188679
2024-09-01,climate_sar_change,0.6635220125786164,above_reference,unusual environmental state,False,precip_7d_adjusted,0,2.49671320148162,5.454050799863781,3.069601088115085,0.9245283018867925,0.023969662961953575,0.8962264150943396,0.015468933940742247,0.16981132075471697
2024-10-01,climate_sar_change,0.889937106918239,above_reference,unusual environmental state,True,precip_7d_adjusted,1,-1.8351768542314573,6.503406849818622,3.2731233094048435,0.9339622641509434,0.024153197896241818,0.9056603773584906,0.19658468994456232,0.8301886792452831
2024-11-01,climate_sar_change,0.5094339622641509,above_reference,unusual environmental state,False,temp_anomaly,1,1.357799557883683,0.6341354819917278,1.052397547261523,0.3490566037735849,-0.08058056027528898,0.4528301886792453,0.14962835243260147,0.7264150943396226
2024-12-01,climate_sar_change,0.2452830188679245,above_reference,unusual environmental state,False,antecedent_precipitation_index_adjusted,1,-0.18103105631895539,-0.5556019542786136,0.4610500873968565,0.03773584905660377,-0.12981652726966209,0.07547169811320754,0.1095060140257636,0.6226415094339622
2025-01-01,climate_sar_change,0.5408805031446541,above_reference,unusual environmental state,False,temp_anomaly,1,0.6463912519562977,-1.817968519884333,1.6280268450133428,0.6226415094339622,-0.05577175792787825,0.6415094339622641,0.03872872601192282,0.3584905660377358
2025-02-01,climate_sar_change,0.12578616352201258,above_reference,unusual environmental state,False,temp_anomaly,1,0.2668652609746074,-0.6399399741862859,0.7469897461044153,0.18867924528301888,-0.12577459450604467,0.10377358490566038,0.01063949656089231,0.08490566037735849
2025-03-01,climate_sar_change,0.29245283018867924,below_reference,unusual environmental state,False,VH_change_adjusted,1,0.20274726911899596,1.3003482158616952,1.1149749664117061,0.4056603773584906,-0.08765473136319901,0.41509433962264153,0.007780516533480911,0.05660377358490566
2025-04-01,climate_sar_change,0.6415094339622642,above_reference,unusual environmental state,False,VH_change_adjusted,1,-0.8954107941785364,-3.7516333494942002,2.6256807065433163,0.8773584905660378,0.08823240499604246,0.9811320754716981,0.008401953475655666,0.0660377358490566
2025-05-01,climate_sar_change,0.6981132075471698,above_reference,unusual environmental state,False,PDD_adjusted,0,9.189997463860946,0.5106825271958724,3.86738301819964,0.9622641509433962,-0.020295770356518472,0.839622641509434,0.03218403033654342,0.29245283018867924
2025-06-01,climate_sar_change,0.279874213836478,above_reference,unusual environmental state,False,PDD_adjusted,0,2.426303103830351,-0.051153571254764885,1.1421073123438437,0.42452830188679247,-0.12410205485174447,0.1320754716981132,0.03215398228047015,0.2830188679245283
2025-07-01,climate_sar_change,0.5188679245283019,above_reference,unusual environmental state,False,PDD_adjusted,0,3.6949992606782063,-2.4589387258020237,1.8529897756553773,0.6981132075471698,-0.06886826644431415,0.5471698113207547,0.033552381643408825,0.3113207547169811
2025-08-01,climate_sar_change,0.23270440251572325,above_reference,unusual environmental state,False,PDD_adjusted,1,1.4437590176600066,-1.1249886088663166,0.9103684724429254,0.3018867924528302,-0.11002741285047407,0.27358490566037735,0.012100777889923796,0.12264150943396226
2025-09-01,climate_sar_change,0.5503144654088051,above_reference,unusual environmental state,False,PDD_adjusted,0,4.813009145314011,-0.2392994709798608,2.0694479583972796,0.7830188679245284,-0.0846680771655332,0.42452830188679247,0.059853450771547634,0.44339622641509435
2025-10-01,climate_sar_change,0.5377358490566038,above_reference,unusual environmental state,False,precip_7d_adjusted,1,-4.198404781383935,3.407645351678974,2.4273762512901094,0.8301886792452831,-0.04635661419241688,0.7075471698113207,0.009534750796011522,0.07547169811320754
2025-11-01,climate_sar_change,0.6132075471698114,above_reference,unusual environmental state,False,precip_7d_adjusted,1,-0.2881949153378962,4.436847039128523,1.9730381668997627,0.7641509433962265,-0.043792275867317876,0.7452830188679245,0.03453727433687826,0.330188679245283
2025-12-01,climate_sar_change,0.4748427672955975,above_reference,unusual environmental state,False,VH_change_adjusted,1,-0.3289689654388652,-2.591056967592232,1.3413494572540496,0.5,-0.06569970835585309,0.5849056603773585,0.03480315519940181,0.33962264150943394
2026-01-01,climate_sar_change,0.09433962264150943,above_reference,unusual environmental state,False,temp_anomaly,1,0.21419455777669874,-0.8046752950896686,0.694716525966025,0.1509433962264151,-0.12804896958096662,0.08490566037735849,0.005683426997602689,0.04716981132075472
2026-02-01,climate_sar_change,0.18867924528301885,above_reference,unusual environmental state,False,VV_change_adjusted,1,-0.18941479964862903,-1.6778967738875306,0.7238631220754067,0.1792452830188679,-0.12020902783034892,0.1792452830188679,0.021521070437458916,0.20754716981132076
2026-03-01,climate_sar_change,0.6446540880503145,below_reference,unusual environmental state,False,VH_change_adjusted,1,1.3043078447045775,4.3847602590737225,3.4145341721530853,0.9528301886792453,0.09090026100711857,0.9811320754716981,0.00039963289457510233,0.0
2026-04-01,climate_sar_change,0.5723270440251572,above_reference,unusual environmental state,False,precip_7d_adjusted,1,-0.419688325580455,0.35169304499072335,1.7759794495212577,0.6886792452830188,-0.024311733036148975,0.8301886792452831,0.01809141246342326,0.19811320754716982
2026-05-01,climate_sar_change,0.5849056603773585,below_reference,unusual environmental state,False,PDD_adjusted,1,-4.309055739089895,-0.08883642234324288,1.9614531272281488,0.7547169811320755,-0.04956224169676693,0.6886792452830188,0.03374682378575646,0.3113207547169811
2026-06-01,climate_sar_change,0.7295597484276729,below_reference,unusual environmental state,False,PDD_adjusted,1,-6.194937473130002,-3.709107027783218,3.041146981609525,0.9056603773584906,0.01682439134452851,0.8867924528301887,0.05400946159674717,0.39622641509433965
2026-07-01,climate_sar_change,0.42767295597484273,above_reference,unusual environmental state,False,PDD_adjusted,0,3.311697960067036,-0.1626796042635086,1.6634695547425629,0.6415094339622641,-0.10094977072542122,0.37735849056603776,0.03168530027805272,0.2641509433962264
2026-08-01,climate_sar_change,,,unusual environmental state,,,,,,,,,,,
