date,mean_valid_observation_count,missing_data_flag,ndsi_mean,scene_count,snow_area_km2,snow_fraction_valid,valid_area_fraction,year,observation_count,expected_observation_count,period_completeness,is_complete_period,quality_status,quality_reason
2017-10-01,5.0,0,0.27896366194905975,5,2.1781258759691395,0.4180124464106816,0.998432084708628,2017,5.0,,0.998432084708628,True,GOOD,valid-area fraction is at least 0.80
2018-10-01,9.999923911397996,0,0.25016680185775714,10,2.027924590641275,0.3891867447252851,0.998432084708628,2018,9.999923911397996,,0.998432084708628,True,GOOD,valid-area fraction is at least 0.80
2019-10-01,10.038331218440064,0,0.34623054813409515,22,2.48927708939879,0.47772666282230614,0.998432084708628,2019,10.038331218440064,,0.998432084708628,True,GOOD,valid-area fraction is at least 0.80
2020-10-01,12.897611161352453,0,0.25858941294752963,22,2.1296992494978344,0.40871870777692176,0.998432084708628,2020,12.897611161352453,,0.998432084708628,True,GOOD,valid-area fraction is at least 0.80
2021-10-01,15.139452442113862,0,0.36849236770512833,22,2.6503534251235044,0.5086394369176955,0.998432084708628,2021,15.139452442113862,,0.998432084708628,True,GOOD,valid-area fraction is at least 0.80
2022-10-01,19.117359006895704,0,0.40579699788522094,22,2.8337860414164227,0.5438426901061724,0.998432084708628,2022,19.117359006895704,,0.998432084708628,True,GOOD,valid-area fraction is at least 0.80
2023-10-01,16.414094251056962,0,0.32622224852606585,23,2.5587645823267313,0.49106227268499575,0.998432084708628,2023,16.414094251056962,,0.998432084708628,True,GOOD,valid-area fraction is at least 0.80
2024-10-01,21.49538567542237,0,0.24820534891990417,25,2.065011464819933,0.39630422823539124,0.998432084708628,2024,21.49538567542237,,0.998432084708628,True,GOOD,valid-area fraction is at least 0.80
2025-10-01,21.79934722320192,0,0.49448576430422053,27,3.27421685012734,0.6283674468500724,0.998432084708628,2025,21.79934722320192,,0.998432084708628,True,GOOD,valid-area fraction is at least 0.80
